Architecture,Total_Neurons,Num_Layers,Mean_EER,Std_EER,Mean_FAR,Mean_FRR,Accuracy,Train_Time
"Single-32",32,1,0,0,0,0,100,1.4782062
"Single-64",64,1,0,0,0,0,100,0.9814625
"Two-[32,16]",48,2,0,0,0,0,100,1.1271439
"Two-[50,30]-BASELINE",80,2,0,0,0,0,99.6296296296296,1.1197262
"Two-[64,32]",96,2,0,0,0,0,100,1.3619045
"Two-[128,64]",192,2,0,0,0,0,100,1.7731805
"Three-[100,50,25]",175,3,0,0,0,0,99.6296296296296,2.5467329
